RMSE,sMAPE,R2
7.114421578747496,138.76009249447768,-0.8124930282454652
